Raw likert calculation,Likert Score,Admin Data Item,Academic Year,School Name,DESE ID,Admin Grade 9,Grade 10,Grade 11,Grade 12,SP,Total,% of All Students,# of All Students
3.01123595505618,3.01,a-cppm-i2,2023-24,Agawam High,00050505,      46,      65,      45,      55,       0,     211,  20.1,"   1,050"
6.037453183520599,5,a-cppm-i2,2023-24,Amherst Regional High,06050505,      38,     117,     142,      42,       0,     339,  40.3,     841
14.981273408239701,5,a-cppm-i2,2023-24,Argosy Collegiate Charter School,35090305,      89,      79,      43,      52,       0,     263, 100.0,     263
14.981273408239701,5,a-cppm-i2,2023-24,Assabet Valley Vocational High School,08010605,     303,     279,     282,     266,       0,"   1,130", 100.0,"   1,130"
3.3258426966292136,3.33,a-cppm-i2,2023-24,Athol High,06150505,       7,      10,      42,      33,       0,      92,  22.2,     414
11.400749063670412,5,a-cppm-i2,2023-24,Atlantis Charter School,04910550,       0,      66,      79,      59,       0,     204,  76.1,     268
12.104868913857677,5,a-cppm-i2,2023-24,Attleboro High,00160505,     444,     471,     369,     270,       1,"   1,555",  80.8,"   1,925"
7.940074906367041,5,a-cppm-i2,2023-24,B M C Durfee High,00950505,     319,     380,     328,     258,       6,"   1,291",  53.0,"   2,435"
6.426966292134831,5,a-cppm-i2,2023-24,Barnstable High,00200505,     107,     147,     177,     170,       0,     601,  42.9,"   1,401"
3.056179775280899,3.06,a-cppm-i2,2023-24,Bartlett High School,03160505,      25,      20,      23,       8,       0,      76,  20.4,     373
14.981273408239701,5,a-cppm-i2,2023-24,Bay Path Regional Vocational Technical High School,08760605,     310,     304,     299,     280,       0,"   1,193", 100.0,"   1,193"
1.0187265917602997,1.02,a-cppm-i2,2023-24,Bellingham High School,00250505,       3,       5,      14,      19,       0,      41,   6.8,     607
2.3820224719101124,2.38,a-cppm-i2,2023-24,Beverly High,00300505,       1,      12,      76,     110,       0,     199,  15.9,"   1,255"
14.966292134831463,5,a-cppm-i2,2023-24,Blackstone Valley,08050605,     320,     306,     316,     307,       0,"   1,249",  99.9,"   1,250"
14.981273408239701,5,a-cppm-i2,2023-24,Blue Hills Regional Vocational Technical,08060605,     242,     233,     221,     222,       0,     918, 100.0,     918
4.749063670411985,4.75,a-cppm-i2,2023-24,Boston Arts Academy,00350546,      57,      34,      23,      35,       1,     150,  31.7,     473
2.247191011235955,2.25,a-cppm-i2,2023-24,Boston Community Leadership Academy,00350558,       0,      42,      25,       0,       0,      67,  15.0,     448
3.445692883895131,3.45,a-cppm-i2,2023-24,Boston Green Academy Horace Mann Charter School,04110305,      18,      21,      18,      13,       0,      70,  23.0,     305
1.4831460674157304,1.48,a-cppm-i2,2023-24,Boston International High School & Newcomers Academy,00350507,       0,       0,      25,      23,       0,      48,   9.9,     486
1.8726591760299627,1.87,a-cppm-i2,2023-24,Bourne High School,00360505,       0,      19,      14,       9,       0,      42,  12.5,     335
4.314606741573034,4.31,a-cppm-i2,2023-24,Brighton High School,00350505,      72,      72,       2,       2,       0,     148,  28.8,     514
14.981273408239701,5,a-cppm-i2,2023-24,Bristol County Agricultural High,09100705,     166,     165,     159,     102,       0,     592, 100.0,     592
14.981273408239701,5,a-cppm-i2,2023-24,Bristol-Plymouth Vocational Technical,08100605,     356,     349,     315,     310,       0,"   1,330", 100.0,"   1,330"
4.194756554307117,4.19,a-cppm-i2,2023-24,Brockton High,00440505,     236,     277,     288,     204,       0,"   1,005",  28.0,"   3,586"
5.378277153558052,5,a-cppm-i2,2023-24,Brookline High,00460505,      49,     185,     276,     256,      14,     780,  35.9,"   2,173"
2.9812734082397,2.98,a-cppm-i2,2023-24,Burke High School,00350525,       0,      20,      32,      16,       1,      69,  19.9,     347
2.5767790262172285,2.58,a-cppm-i2,2023-24,Burlington High,00480505,      21,      36,      56,      42,       0,     155,  17.2,     901
3.7902621722846446,3.79,a-cppm-i2,2023-24,Burncoat Senior High,03480503,      21,      62,      64,     137,       0,     284,  25.3,"   1,124"
6.441947565543071,5,a-cppm-i2,2023-24,Cambridge Rindge and Latin,00490506,     250,     233,     225,     142,       0,     850,  43.0,"   1,979"
14.981273408239701,5,a-cppm-i2,2023-24,Cape Cod Region Vocational Technical,08150605,     183,     169,     162,     149,       0,     663, 100.0,     663
1.7228464419475655,1.72,a-cppm-i2,2023-24,Carver Middle/High School,00520405,       0,       6,      21,      15,       0,      42,  11.5,     364
14.981273408239701,5,a-cppm-i2,2023-24,Center For Technical Education Innovation,01530605,     355,     179,     138,     135,       0,     807, 100.0,     807
14.981273408239701,5,a-cppm-i2,2023-24,Charles McCann Vocational Technical,08510605,     128,     140,     140,     112,       0,     520, 100.0,     520
2.666666666666667,2.67,a-cppm-i2,2023-24,Charlestown High School,00350515,       3,      34,      45,      43,       4,     129,  17.8,     723
1.2883895131086143,1.29,a-cppm-i2,2023-24,Chelmsford High,00560505,      51,      43,      24,       4,       0,     122,   8.6,"   1,413"
2.0224719101123596,2.02,a-cppm-i2,2023-24,Chelsea High,00570505,       0,       2,      82,     143,       0,     227,  13.5,"   1,680"
7.850187265917603,5,a-cppm-i2,2023-24,Chicopee Comprehensive High School,00610510,     196,     166,     157,     116,       0,     635,  52.4,"   1,212"
1.1385767790262171,1.14,a-cppm-i2,2023-24,Chicopee High,00610505,      23,      21,      14,      13,       0,      71,   7.6,     932
0.6891385767790262,1,a-cppm-i2,2023-24,CityLab Innovation High School,02480520, , , , , ,       5,   4.6,     109
4.808988764044944,4.81,a-cppm-i2,2023-24,Claremont Academy,03480350,       0,      23,      53,      22,       0,      98,  32.1,     305
2.51685393258427,2.52,a-cppm-i2,2023-24,Classical High,01630505,      31,      91,     123,      71,       0,     316,  16.8,"   1,878"
0.7191011235955056,1,a-cppm-i2,2023-24,Clinton Senior High,00640505,       0,       3,      11,      13,       0,      27,   4.8,     557
1.9925093632958804,1.99,a-cppm-i2,2023-24,Conservatory of the Arts,02810475,       0,       0,       0,      22,       0,      22,  13.3,     165
1.707865168539326,1.71,a-cppm-i2,2023-24,Danvers High,00710505,       0,       0,      17,      73,       1,      91,  11.4,     798
3.715355805243446,3.72,a-cppm-i2,2023-24,David Prouty High,07670505,       3,      38,      26,      15,       0,      82,  24.8,     331
10.846441947565545,5,a-cppm-i2,2023-24,Dearborn 6-12 STEM Academy,00350074,      21,      78,      83,      73,       0,     255,  72.4,     352
0.6741573033707865,1,a-cppm-i2,2023-24,Dennis-Yarmouth Regional High,06450505,      11,       6,      14,       0,       0,      31,   4.5,     688
5.333333333333334,5,a-cppm-i2,2023-24,Dighton-Rehoboth Regional High School,06500505,      79,      51,      43,      53,       0,     226,  35.6,     635
14.981273408239701,5,a-cppm-i2,2023-24,Diman Regional Vocational Technical High,08210605,     379,     363,     364,     336,       1,"   1,443", 100.0,"   1,443"
5.617977528089888,5,a-cppm-i2,2023-24,Doherty Memorial High,03480512,      93,     134,     139,     158,       0,     524,  37.5,"   1,398"
0.1048689138576779,1,a-cppm-i2,2023-24,Douglas High School,00770505, , , , , ,       2,   0.7,     303
3.640449438202247,3.64,a-cppm-i2,2023-24,Drury High,02090505,      11,      16,      30,      18,       0,      75,  24.3,     309
5.408239700374533,5,a-cppm-i2,2023-24,East Boston High School,00350530,       0,       0,     187,     199,       0,     386,  36.1,"   1,070"
1.153558052434457,1.15,a-cppm-i2,2023-24,East Longmeadow High,00870505,      24,      20,       5,      10,       0,      59,   7.7,     771
10.367041198501873,5,a-cppm-i2,2023-24,Easthampton High,00860505,      48,      67,      70,      73,       0,     258,  69.2,     373
9.902621722846442,5,a-cppm-i2,2023-24,Edward M. Kennedy Academy for Health Careers: A Horace Mann Charter Public School,04520505,     103,      93,      24,      28,       0,     248,  66.1,     375
8.464419475655431,5,a-cppm-i2,2023-24,English High School,00350535,     131,      73,      77,      55,       0,     336,  56.5,     595
14.981273408239701,5,a-cppm-i2,2023-24,Essex North Shore Agricultural and Technical School,08170505,     476,     450,     429,     390,       0,"   1,745", 100.0,"   1,745"
8.359550561797752,5,a-cppm-i2,2023-24,Everett High,00930505,     513,     121,     381,     261,       1,"   1,277",  55.8,"   2,289"
6.112359550561798,5,a-cppm-i2,2023-24,Excel High School,00350522,      53,      71,      33,       1,       0,     158,  40.8,     387
7.610486891385768,5,a-cppm-i2,2023-24,Falmouth High,00960505,      87,     107,     106,      69,       0,     369,  50.8,     727
0.2097378277153558,1,a-cppm-i2,2023-24,Fecteau-Leary Junior/Senior High School,01630525, , , , , ,       1,   1.4,      72
3.700374531835206,3.7,a-cppm-i2,2023-24,Fenway High School,00350540,       0,       0,      55,      38,       0,      93,  24.7,     376
9.183520599250937,5,a-cppm-i2,2023-24,Fitchburg High,00970505,      67,     246,     193,     217,       0,     723,  61.3,"   1,180"
2.9962546816479403,3.0,a-cppm-i2,2023-24,Framingham High School,01000515,      55,      72,     179,     204,       0,     510,  20.0,"   2,545"
14.981273408239701,5,a-cppm-i2,2023-24,Franklin County Technical,08180605,     161,     155,     160,     145,       0,     621, 100.0,     621
0.2846441947565543,1,a-cppm-i2,2023-24,Frontier Regional,06700505,       0,       1,       6,       0,       0,       7,   1.9,     373
0.9438202247191011,1,a-cppm-i2,2023-24,Full Circle High School,02740510, , , , , ,       4,   6.3,      64
10.02247191011236,5,a-cppm-i2,2023-24,Gardner Academy for Learning and Technology,01030515,       6,      13,      25,      41,       0,      85,  66.9,     127
3.295880149812734,3.3,a-cppm-i2,2023-24,Gardner High,01030505,       0,      20,      65,      56,       0,     141,  22.0,     641
4.719101123595506,4.72,a-cppm-i2,2023-24,Gateway Regional High,06720505,      24,      12,       9,       6,       0,      51,  31.5,     162
4.4344569288389515,4.43,a-cppm-i2,2023-24,Gloucester High,01070505,      60,      74,      37,      68,       0,     239,  29.6,     807
14.981273408239701,5,a-cppm-i2,2023-24,Gr Lawrence Regional Vocational Technical,08230605,     485,     449,     433,     407,       0,"   1,774", 100.0,"   1,774"
14.981273408239701,5,a-cppm-i2,2023-24,Gr Lowell Regional Vocational Technical,08280605,     581,     576,     577,     559,      21,"   2,314", 100.0,"   2,314"
14.981273408239701,5,a-cppm-i2,2023-24,Gr New Bedford Vocational Technical,08250605,     571,     551,     528,     497,       0,"   2,147", 100.0,"   2,147"
4.01498127340824,4.01,a-cppm-i2,2023-24,Haverhill High,01280505,     132,      87,     167,     148,       0,     534,  26.8,"   1,991"
8.01498127340824,5,a-cppm-i2,2023-24,High School Of Commerce,02810510,     139,     129,     162,     137,       0,     567,  53.5,"   1,060"
5.1235955056179785,5,a-cppm-i2,2023-24,Holyoke High,01370505,     111,     161,     130,     134,       0,     536,  34.2,"   1,567"
1.4981273408239701,1.5,a-cppm-i2,2023-24,Hopedale Jr Sr High,01380505,       7,       6,       9,       7,       0,      29,  10.0,     289
6.531835205992509,5,a-cppm-i2,2023-24,Hopkins Academy,01170505,      18,      22,      11,      10,       0,      61,  43.6,     140
10.831460674157304,5,a-cppm-i2,2023-24,Joseph P Keefe Technical High School,08290605,       0,     224,     207,     199,       0,     630,  72.3,     871
5.51310861423221,5,a-cppm-i2,2023-24,Lawrence High School,01490515,       0,     411,     453,     329,       0,"   1,193",  36.8,"   3,246"
2.4569288389513106,2.46,a-cppm-i2,2023-24,Leicester High,01510505,      31,      34,       0,       0,       0,      65,  16.4,     397
0.7640449438202247,1,a-cppm-i2,2023-24,Lenox Memorial High,01520505,       0,       6,       3,       4,       0,      13,   5.1,     255
1.9925093632958804,1.99,a-cppm-i2,2023-24,Leominster High School,01530505,       7,      15,      45,      76,       0,     143,  13.3,"   1,073"
0.3445692883895131,1,a-cppm-i2,2023-24,Longmeadow High,01590505,       7,       6,       4,       4,       0,      21,   2.3,     911
7.655430711610487,5,a-cppm-i2,2023-24,Lowell High,01600505,     145,     340,     585,     667,       0,"   1,737",  51.1,"   3,402"
1.9775280898876404,1.98,a-cppm-i2,2023-24,Ludlow Senior High,01610505,      34,      32,      21,      12,       0,      99,  13.2,     750
2.471910112359551,2.47,a-cppm-i2,2023-24,Lynn English High,01630510,      43,      98,     103,      97,       0,     341,  16.5,"   2,072"
10.307116104868914,5,a-cppm-i2,2023-24,Lynn Vocational Technical Institute,01630605,       0,     270,     278,     262,       0,     810,  68.8,"   1,178"
13.812734082397004,5,a-cppm-i2,2023-24,Madison Park Technical Vocational High School,00350537,     271,     260,     257,     184,       4,     976,  92.2,"   1,058"
0.2247191011235955,1,a-cppm-i2,2023-24,Malden High,01650505,       0,       1,       7,      21,       0,      29,   1.5,"   1,894"
0.2247191011235955,1,a-cppm-i2,2023-24,Marblehead High,01680505,       0,       0,       5,       8,       0,      13,   1.5,     874
1.9775280898876404,1.98,a-cppm-i2,2023-24,Marlborough High,01700505,       0,       0,      57,      77,       0,     134,  13.2,"   1,013"
4.194756554307117,4.19,a-cppm-i2,2023-24,Marshfield High,01710505,       0,     120,     112,      90,       0,     322,  28.0,"   1,149"
5.902621722846442,5,a-cppm-i2,2023-24,Martha's Vineyard Regional High,07000505,     114,      82,      45,      27,       0,     268,  39.4,     681
7.580524344569289,5,a-cppm-i2,2023-24,Mashpee Middle-High School,01720505,      41,      54,      67,      42,       0,     204,  50.6,     403
2.831460674157303,2.83,a-cppm-i2,2023-24,Maynard High,01740505,      14,      18,      17,       7,       0,      56,  18.9,     297
8.659176029962547,5,a-cppm-i2,2023-24,Medford High,01760505,     298,     165,     115,     107,       1,     686,  57.8,"   1,186"
2.8913857677902626,2.89,a-cppm-i2,2023-24,Medway High,01770505,      16,      39,      33,      29,       0,     117,  19.3,     607
5.258426966292135,5,a-cppm-i2,2023-24,Methuen High,01810505,     130,     153,     188,     195,       0,     666,  35.1,"   1,898"
0.0898876404494382,1,a-cppm-i2,2023-24,Middleborough High,01820505, , , , , ,       5,   0.6,     827
9.183520599250937,5,a-cppm-i2,2023-24,Milford High,01850505,      42,     276,     256,     221,       0,     795,  61.3,"   1,297"
0.9737827715355806,1,a-cppm-i2,2023-24,Millbury Junior/Senior High,01860505,      21,       7,       4,       0,       0,      32,   6.5,     495
0.8689138576779026,1,a-cppm-i2,2023-24,Minnechaug Regional High,06800505,      17,      15,      14,      11,       0,      57,   5.8,     981
14.981273408239701,5,a-cppm-i2,2023-24,Minuteman Regional High,08300605,     172,     169,     180,     162,       0,     683, 100.0,     683
14.816479400749065,5,a-cppm-i2,2023-24,Montachusett Regional Vocational Technical,08320605,     357,     359,     354,     343,       0,"   1,413",  98.9,"   1,428"
6.5767790262172285,5,a-cppm-i2,2023-24,Monument Mt Regional High,06180505,      15,      60,      61,      62,       0,     198,  43.9,     451
14.891385767790263,5,a-cppm-i2,2023-24,Mt Everett Regional,07650505,      42,      41,      42,      31,       0,     156,  99.4,     157
1.408239700374532,1.41,a-cppm-i2,2023-24,Nantucket High,01970505,       0,      11,      21,      24,       0,      56,   9.4,     593
1.5880149812734081,1.59,a-cppm-i2,2023-24,Narragansett Regional High,07200505,       0,       0,      16,      21,       0,      37,  10.6,     350
14.981273408239701,5,a-cppm-i2,2023-24,Nashoba Valley Technical High School,08520605,     214,     199,     193,     167,       0,     773, 100.0,     773
2.6816479400749063,2.68,a-cppm-i2,2023-24,New Bedford High,02010505,      15,      63,     221,     219,       0,     518,  17.9,"   2,893"
14.95131086142322,5,a-cppm-i2,2023-24,New Heights Charter School of Brockton,35130305,      96,     105,     112,      89,       0,     402,  99.8,     403
2.9962546816479403,3.0,a-cppm-i2,2023-24,New Liberty Innovation School,02580510,       7,       0,       0,       2,       0,       9,  20.0,      45
4.479400749063671,4.48,a-cppm-i2,2023-24,New Mission High School,00350542,       0,      50,      67,      36,       0,     153,  29.9,     512
3.955056179775281,3.96,a-cppm-i2,2023-24,Newton North High,02070505,     164,     224,      90,      81,       0,     559,  26.4,"   2,118"
0.0749063670411985,1,a-cppm-i2,2023-24,Newton South High,02070510,       0,       3,       6,       1,       0,      10,   0.5,"   1,861"
0.31460674157303375,1,a-cppm-i2,2023-24,Nipmuc Regional High,07100510,       2,      10,       0,       0,       0,      12,   2.1,     559
14.981273408239701,5,a-cppm-i2,2023-24,Norfolk County Agricultural,09150705,     153,     154,     148,     131,       0,     586, 100.0,     586
0.0749063670411985,1,a-cppm-i2,2023-24,North Andover High,02110505,       0,       0,       7,       0,       0,       7,   0.5,"   1,380"
0.0898876404494382,1,a-cppm-i2,2023-24,North Attleboro High,02120505,       0,       1,       4,       2,       0,       7,   0.6,"   1,079"
4.179775280898876,4.18,a-cppm-i2,2023-24,North High,03480515,      39,      58,     102,     197,       0,     396,  27.9,"   1,420"
4.464419475655431,4.46,a-cppm-i2,2023-24,North Quincy High,02430510,      12,     147,     132,     157,       1,     449,  29.8,"   1,508"
1.1235955056179776,1.12,a-cppm-i2,2023-24,Northampton High,02100505,       1,      19,      30,      18,       0,      68,   7.5,     907
0.8239700374531835,1,a-cppm-i2,2023-24,Northbridge High,02140505,       2,      11,       6,       7,       0,      26,   5.5,     473
14.606741573033709,5,a-cppm-i2,2023-24,Northeast Metro Regional Vocational,08530605,     359,     335,     321,     295,       0,"   1,310",  97.5,"   1,343"
1.3782771535580525,1.38,a-cppm-i2,2023-24,Norton High,02180505,      11,      30,      15,       7,       0,      63,   9.2,     685
1.1086142322097379,1.11,a-cppm-i2,2023-24,Norwood High,02200505,      19,      15,      17,      19,       0,      70,   7.4,     951
2.0224719101123596,2.02,a-cppm-i2,2023-24,O'Bryant School of Math & Science,00350575,      51,      26,      35,      52,       0,     164,  13.5,"   1,218"
14.981273408239701,5,a-cppm-i2,2023-24,Old Colony Regional Vocational Technical,08550605,     139,     137,     135,     138,       0,     549, 100.0,     549
1.8876404494382022,1.89,a-cppm-i2,2023-24,Old Rochester Regional High,07400505,      24,      31,      12,      10,       0,      77,  12.6,     610
14.936329588014981,5,a-cppm-i2,2023-24,Pathfinder Vocational Technical,08600605,     173,     168,     151,     149,       0,     641,  99.7,     643
4.599250936329588,4.6,a-cppm-i2,2023-24,Peabody Veterans Memorial High,02290510,     168,     109,      94,      65,       0,     436,  30.7,"   1,420"
0.1348314606741573,1,a-cppm-i2,2023-24,"Phoenix Academy Public Charter High School, Lawrence",35180505, , , , , ,       1,   0.9,     114
4.943820224719102,4.94,a-cppm-i2,2023-24,Plymouth North High,02390505,     112,      99,      98,     102,       0,     411,  33.0,"   1,247"
8.239700374531836,5,a-cppm-i2,2023-24,Plymouth South High,02390515,     161,     150,     123,     118,       0,     552,  55.0,"   1,003"
3.9850187265917607,3.99,a-cppm-i2,2023-24,Quabbin Regional High School,07530505,      40,      50,      52,       9,       0,     151,  26.6,     567
10.411985018726591,5,a-cppm-i2,2023-24,Quaboag Regional High,07780505,      41,      83,      72,      43,       0,     239,  69.5,     344
11.47565543071161,5,a-cppm-i2,2023-24,Quincy High,02430505,     336,     310,     294,     189,       0,"   1,129",  76.6,"   1,473"
3.0262172284644193,3.03,a-cppm-i2,2023-24,Randolph High,02440505,      19,      38,      37,      40,       0,     134,  20.2,     664
1.00374531835206,1.0,a-cppm-i2,2023-24,Reading Memorial High,02460505,      64,       9,       0,       0,       0,      73,   6.7,"   1,097"
0.5243445692883896,1,a-cppm-i2,2023-24,Revere High,02480505,       0,      73,       0,       0,       0,      73,   3.5,"   2,098"
10.876404494382022,5,a-cppm-i2,2023-24,Roger L. Putnam Vocational Technical Academy,02810620,       3,     354,     338,     309,       0,"   1,004",  72.6,"   1,383"
10.906367041198502,5,a-cppm-i2,2023-24,Salem High,02580505,     225,     164,     144,     157,       0,     690,  72.8,     948
1.8726591760299627,1.87,a-cppm-i2,2023-24,Salem Prep High School,02580515, , , , , ,       2,  12.5,      16
14.981273408239701,5,a-cppm-i2,2023-24,Shawsheen Valley Vocational Technical High School,08710605,     321,     325,     333,     327,       0,"   1,306", 100.0,"   1,306"
0.7490636704119851,1,a-cppm-i2,2023-24,Shepherd Hill Regional High,06580505,       1,      11,      12,      23,       0,      47,   5.0,     937
5.168539325842697,5,a-cppm-i2,2023-24,Silver Lake Regional High,07600505,      99,      85,      83,      87,       0,     354,  34.5,"   1,026"
3.0711610486891385,3.07,a-cppm-i2,2023-24,Sizer School: A North Central Charter Essential School,04740505,       0,       0,      17,      21,       0,      38,  20.5,     185
14.981273408239701,5,a-cppm-i2,2023-24,Smith Vocational and Agricultural High,04060705,     148,     147,     146,     128,       0,     569, 100.0,     569
2.4569288389513106,2.46,a-cppm-i2,2023-24,Somerset Berkley Regional High School,07630505,      29,      22,      47,      59,       0,     157,  16.4,     960
8.898876404494382,5,a-cppm-i2,2023-24,Somerville High,02740505,     301,     220,     164,     129,       1,     815,  59.4,"   1,373"
2.00749063670412,2.01,a-cppm-i2,2023-24,South Hadley High,02780505,       0,      17,      22,      29,       0,      68,  13.4,     508
4.928838951310861,4.93,a-cppm-i2,2023-24,South High Community,03480520,     115,     155,     138,     182,       0,     590,  32.9,"   1,791"
14.981273408239701,5,a-cppm-i2,2023-24,South Shore Vocational Technical High,08730605,     176,     170,     164,     157,       0,     667, 100.0,     667
14.981273408239701,5,a-cppm-i2,2023-24,Southeastern Regional Vocational Technical,08720605,     417,     404,     397,     379,       0,"   1,597", 100.0,"   1,597"
2.0823970037453186,2.08,a-cppm-i2,2023-24,Southwick Regional School,07660505,      18,      16,       8,      12,       0,      54,  13.9,     388
1.408239700374532,1.41,a-cppm-i2,2023-24,Springfield High School of Science and Technology,02810530,       1,      52,      34,      16,       0,     103,   9.4,"   1,097"
1.6629213483146068,1.66,a-cppm-i2,2023-24,Springfield International Academy at Sci-Tech,02810700,       0,       0,       8,       0,       0,       8,  11.1,      72
0.9438202247191011,1,a-cppm-i2,2023-24,Swampscott High,02910505,       0,      12,      19,      11,       0,      42,   6.3,     666
11.07116104868914,5,a-cppm-i2,2023-24,Taconic High,02360510,     234,     174,     128,     111,       0,     647,  73.9,     875
14.876404494382022,5,a-cppm-i2,2023-24,Tantasqua Regional Vocational,07700605,     154,     137,     131,     110,       0,     532,  99.3,     536
10.786516853932584,5,a-cppm-i2,2023-24,Taunton High,02930505,     432,     350,     384,     310,       2,"   1,478",  72.0,"   2,053"
1.198501872659176,1.2,a-cppm-i2,2023-24,TechBoston Academy,00350657,       0,       0,      25,      26,       0,      51,   8.0,     634
0.2846441947565543,1,a-cppm-i2,2023-24,Tewksbury Memorial High,02950505,       0,       0,       2,      12,       0,      14,   1.9,     719
14.966292134831463,5,a-cppm-i2,2023-24,Tri-County Regional Vocational Technical,08780605,     255,     258,     229,     221,       0,     963,  99.9,     964
10.786516853932584,5,a-cppm-i2,2023-24,Trinity Day Academy,02010510,       8,      10,       9,       9,       0,      36,  72.0,      50
0.2247191011235955,1,a-cppm-i2,2023-24,Turners Fall High,06740505, , , , , ,       3,   1.5,     202
4.868913857677903,4.87,a-cppm-i2,2023-24,University Pk Campus School,03480285,       0,       9,      18,      25,       0,      52,  32.5,     160
14.981273408239701,5,a-cppm-i2,2023-24,Upper Cape Cod Vocational Technical,08790605,     235,     221,     192,     178,       0,     826, 100.0,     826
10.42696629213483,5,a-cppm-i2,2023-24,Uxbridge High,03040505,      70,      86,      73,      84,       0,     313,  69.6,     450
13.228464419475655,5,a-cppm-i2,2023-24,Veritas Preparatory Charter School,04980405,     102,      72,       0,       0,       0,     174,  88.3,     197
0.2846441947565543,1,a-cppm-i2,2023-24,Wachusett Regional High,07750505,       4,      11,       6,      15,       0,      36,   1.9,"   1,861"
1.3333333333333335,1.33,a-cppm-i2,2023-24,Wahconah Regional High,06350505,      10,       9,      12,      12,       0,      43,   8.9,     482
6.666666666666667,5,a-cppm-i2,2023-24,Waltham Sr High,03080505,     241,     230,     205,     132,       0,     808,  44.5,"   1,816"
0.299625468164794,1,a-cppm-i2,2023-24,Ware Junior/Senior High School,03090505,       0,       2,       3,       1,       0,       6,   2.0,     298
1.647940074906367,1.65,a-cppm-i2,2023-24,Wareham Senior High,03100505,       2,      11,      15,      18,       0,      46,  11.0,     419
1.00374531835206,1.0,a-cppm-i2,2023-24,Watertown High,03140505,       0,       1,      16,      33,       1,      51,   6.7,     760
1.4232209737827717,1.42,a-cppm-i2,2023-24,Wayland High School,03150505,      37,      11,       9,      21,       0,      78,   9.5,     820
6.02247191011236,5,a-cppm-i2,2023-24,West Springfield High,03320505,     120,     131,     134,     101,       0,     486,  40.2,"   1,208"
2.816479400749064,2.82,a-cppm-i2,2023-24,Westfield High,03250505,      42,      27,      65,      55,       0,     189,  18.8,"   1,006"
14.981273408239701,5,a-cppm-i2,2023-24,Westfield Technical Academy,03250605,     145,     139,     142,     122,       0,     548, 100.0,     548
3.8951310861423223,3.9,a-cppm-i2,2023-24,Weymouth High School,03360505,     157,     115,      96,      88,       0,     456,  26.0,"   1,751"
0.599250936329588,1,a-cppm-i2,2023-24,Whitman Hanson Regional,07800505,      19,      23,       0,       0,       0,      42,   4.0,"   1,039"
14.726591760299625,5,a-cppm-i2,2023-24,Whittier Regional Vocational,08850605,     320,     310,     314,     313,       0,"   1,257",  98.3,"   1,279"
0.9138576779026217,1,a-cppm-i2,2023-24,Woburn High,03470505,       0,       0,      45,      30,       0,      75,   6.1,"   1,228"
14.576779026217228,5,a-cppm-i2,2023-24,Worcester Technical High,03480605,     372,     340,     365,     322,       1,"   1,400",  97.3,"   1,439"
2.651685393258427,2.65,a-cppm-i2,2022-23,Agawam High,00050505,      64,      46,      35,      41,       0,     186,  17.7,"   1,052"
6.711610486891385,5,a-cppm-i2,2022-23,Amherst Regional High,06050505,      31,     126,     118,     109,       0,     384,  44.8,     858
14.92134831460674,5,a-cppm-i2,2022-23,Argosy Collegiate Charter School,35090305,      96,      54,      50,      49,       0,     249,  99.6,     250
14.981273408239701,5,a-cppm-i2,2022-23,Assabet Valley Vocational High School,08010605,     303,     286,     277,     262,       0,"   1,128", 100.0,"   1,128"
11.176029962546815,5,a-cppm-i2,2022-23,Atlantis Charter School,04910550,       0,      79,      62,      79,       0,     220,  74.6,     295
11.940074906367043,5,a-cppm-i2,2022-23,Attleboro High,00160505,     505,     363,     314,     273,      14,"   1,469",  79.7,"   1,844"
6.606741573033708,5,a-cppm-i2,2022-23,B M C Durfee High,00950505,     319,     298,     254,     215,       0,"   1,086",  44.1,"   2,460"
4.074906367041199,4.07,a-cppm-i2,2022-23,Barnstable High,00200505,      62,     104,      97,     116,       0,     379,  27.2,"   1,393"
2.4569288389513106,2.46,a-cppm-i2,2022-23,Bartlett High School,03160505,      14,      23,      10,      13,       0,      60,  16.4,     365
14.981273408239701,5,a-cppm-i2,2022-23,Bay Path Regional Vocational Technical High School,08760605,     314,     313,     288,     270,       0,"   1,185", 100.0,"   1,185"
5.318352059925094,5,a-cppm-i2,2022-23,Bellingham High School,00250505,      50,      52,      67,      41,       0,     210,  35.5,     591
3.415730337078652,3.42,a-cppm-i2,2022-23,Beverly High,00300505,       0,      29,     100,     164,       0,     293,  22.8,"   1,286"
14.981273408239701,5,a-cppm-i2,2022-23,Blackstone Valley,08050605,     310,     312,     313,     295,       0,"   1,230", 100.0,"   1,230"
14.981273408239701,5,a-cppm-i2,2022-23,Blue Hills Regional Vocational Technical,08060605,     247,     236,     227,     210,       0,     920, 100.0,     920
4.764044943820225,4.76,a-cppm-i2,2022-23,Boston Arts Academy,00350546,      57,      25,      38,      36,       1,     157,  31.8,     494
3.715355805243446,3.72,a-cppm-i2,2022-23,Boston Green Academy Horace Mann Charter School,04110305,      24,      20,      17,      17,       0,      78,  24.8,     314
1.3033707865168538,1.3,a-cppm-i2,2022-23,Boston International High School & Newcomers Academy,00350507,       0,       0,      25,      16,       0,      41,   8.7,     472
0.6891385767790262,1,a-cppm-i2,2022-23,Bourne High School,00360505,       0,       5,      11,       0,       0,      16,   4.6,     351
2.906367041198502,2.91,a-cppm-i2,2022-23,Brighton High School,00350505,      95,       0,       0,       1,       0,      96,  19.4,     496
14.981273408239701,5,a-cppm-i2,2022-23,Bristol County Agricultural High,09100705,     169,     171,     105,     104,       0,     549, 100.0,     549
14.981273408239701,5,a-cppm-i2,2022-23,Bristol-Plymouth Vocational Technical,08100605,     346,     328,     320,     316,       0,"   1,310", 100.0,"   1,310"
3.4756554307116105,3.48,a-cppm-i2,2022-23,Brockton High,00440505,     272,     224,     155,     201,       1,     853,  23.2,"   3,679"
4.749063670411985,4.75,a-cppm-i2,2022-23,Brookline High,00460505,      32,     189,     196,     234,      11,     662,  31.7,"   2,087"
1.9625468164794007,1.96,a-cppm-i2,2022-23,Burke High School,00350525,       0,      17,       7,      21,       1,      46,  13.1,     350
2.8464419475655434,2.85,a-cppm-i2,2022-23,Burlington High,00480505,      29,      54,      58,      26,       0,     167,  19.0,     879
3.1760299625468162,3.18,a-cppm-i2,2022-23,Burncoat Senior High,03480503,      16,      46,      87,     101,       0,     250,  21.2,"   1,179"
5.947565543071161,5,a-cppm-i2,2022-23,Cambridge Rindge and Latin,00490506,     161,     196,     188,     196,       0,     741,  39.7,"   1,867"
14.981273408239701,5,a-cppm-i2,2022-23,Cape Cod Region Vocational Technical,08150605,     176,     174,     155,     161,       0,     666, 100.0,     666
1.00374531835206,1.0,a-cppm-i2,2022-23,Carver Middle/High School,00520405,       1,      15,       7,       2,       0,      25,   6.7,     371
14.157303370786517,5,a-cppm-i2,2022-23,Center For Technical Education Innovation,01530605,     330,     156,     138,     132,       0,     756,  94.5,     800
14.981273408239701,5,a-cppm-i2,2022-23,Charles McCann Vocational Technical,08510605,     144,     148,     120,     125,       0,     537, 100.0,     537
2.262172284644195,2.26,a-cppm-i2,2022-23,Charlestown High School,00350515,       1,      42,      44,      21,       0,     108,  15.1,     713
0.6441947565543071,1,a-cppm-i2,2022-23,Chelmsford High,00560505,      27,      26,       6,       0,       0,      59,   4.3,"   1,367"
2.052434456928839,2.05,a-cppm-i2,2022-23,Chelsea High,00570505,       1,      11,      92,     117,       0,     221,  13.7,"   1,611"
8.089887640449438,5,a-cppm-i2,2022-23,Chicopee Comprehensive High School,00610510,     200,     178,     131,     142,       0,     651,  54.0,"   1,206"
1.2284644194756553,1.23,a-cppm-i2,2022-23,Chicopee High,00610505,      25,      20,      21,       9,       0,      75,   8.2,     914
3.595505617977528,3.6,a-cppm-i2,2022-23,Claremont Academy,03480350,       0,      50,      12,      14,       0,      76,  24.0,     317
2.4419475655430714,2.44,a-cppm-i2,2022-23,Classical High,01630505,      38,      82,      79,      97,       0,     296,  16.3,"   1,818"
1.917602996254682,1.92,a-cppm-i2,2022-23,Conservatory of the Arts,02810475,       0,       0,      23,       0,       0,      23,  12.8,     180
3.2659176029962547,3.27,a-cppm-i2,2022-23,Danvers High,00710505,       0,       0,      67,     102,       0,     169,  21.8,     777
4.404494382022472,4.4,a-cppm-i2,2022-23,David Prouty High,07670505,       0,      47,      25,      33,       0,     105,  29.4,     357
10.037453183520599,5,a-cppm-i2,2022-23,Dearborn 6-12 STEM Academy,00350074,       1,      74,      78,      72,       0,     225,  67.0,     336
0.4794007490636705,1,a-cppm-i2,2022-23,Dennis-Yarmouth Regional High,06450505,      10,      12,       0,       0,       0,      22,   3.2,     689
5.00374531835206,5,a-cppm-i2,2022-23,Dighton-Rehoboth Regional High School,06500505,      67,      59,      55,      43,       0,     224,  33.4,     671
14.981273408239701,5,a-cppm-i2,2022-23,Diman Regional Vocational Technical High,08210605,     375,     368,     347,     322,       0,"   1,412", 100.0,"   1,412"
5.288389513108614,5,a-cppm-i2,2022-23,Doherty Memorial High,03480512,     100,     119,     123,     133,       0,     475,  35.3,"   1,344"
5.318352059925094,5,a-cppm-i2,2022-23,East Boston High School,00350530,       0,       0,     188,     179,       0,     367,  35.5,"   1,035"
0.7940074906367041,1,a-cppm-i2,2022-23,East Longmeadow High,00870505,      20,       5,      11,       7,       0,      43,   5.3,     816
9.51310861423221,5,a-cppm-i2,2022-23,Easthampton High,00860505,      47,      70,      58,      60,       0,     235,  63.5,     370
10.082397003745319,5,a-cppm-i2,2022-23,Edward M. Kennedy Academy for Health Careers: A Horace Mann Charter Public School,04520505,      98,      91,      33,      23,       0,     245,  67.3,     364
9.063670411985019,5,a-cppm-i2,2022-23,English High School,00350535,     110,      88,      72,      75,       1,     346,  60.5,     572
14.981273408239701,5,a-cppm-i2,2022-23,Essex North Shore Agricultural and Technical School,08170505,     449,     443,     402,     400,       0,"   1,694", 100.0,"   1,694"
11.116104868913858,5,a-cppm-i2,2022-23,Everett High,00930505,     601,     452,     335,     268,       0,"   1,656",  74.2,"   2,231"
3.415730337078652,3.42,a-cppm-i2,2022-23,Excel High School,00350522,      77,      22,       0,       0,       0,      99,  22.8,     434
7.355805243445693,5,a-cppm-i2,2022-23,Falmouth High,00960505,      83,     126,      91,      76,       0,     376,  49.1,     766
0.23970037453183524,1,a-cppm-i2,2022-23,Fecteau-Leary Junior/Senior High School,01630525, , , , , ,       1,   1.6,      62
1.6329588014981273,1.63,a-cppm-i2,2022-23,Fenway High School,00350540,       0,       0,      15,      26,       0,      41,  10.9,     377
10.247191011235957,5,a-cppm-i2,2022-23,Fitchburg High,00970505,     272,     117,     222,     241,       0,     852,  68.4,"   1,246"
3.1760299625468162,3.18,a-cppm-i2,2022-23,Framingham High School,01000515,      52,      78,     160,     253,       0,     543,  21.2,"   2,566"
14.981273408239701,5,a-cppm-i2,2022-23,Franklin County Technical,08180605,     163,     163,     150,     126,       0,     602, 100.0,     602
0.11985018726591762,1,a-cppm-i2,2022-23,Frontier Regional,06700505, , , , , ,       3,   0.8,     386
0.2846441947565543,1,a-cppm-i2,2022-23,Full Circle High School,02740510, , , , , ,       1,   1.9,      54
10.262172284644196,5,a-cppm-i2,2022-23,Gardner Academy for Learning and Technology,01030515,       4,      12,      30,      28,       0,      74,  68.5,     108
2.951310861423221,2.95,a-cppm-i2,2022-23,Gardner High,01030505,       9,      13,      37,      61,       0,     120,  19.7,     608
3.955056179775281,3.96,a-cppm-i2,2022-23,Gateway Regional High,06720505,      21,       8,       6,       8,       0,      43,  26.4,     163
3.1910112359550564,3.19,a-cppm-i2,2022-23,Gloucester High,01070505,      52,      40,      38,      41,       0,     171,  21.3,     804
14.981273408239701,5,a-cppm-i2,2022-23,Gr Lawrence Regional Vocational Technical,08230605,     438,     434,     414,     406,       0,"   1,692", 100.0,"   1,692"
14.981273408239701,5,a-cppm-i2,2022-23,Gr Lowell Regional Vocational Technical,08280605,     575,     595,     574,     538,      20,"   2,302", 100.0,"   2,302"
14.981273408239701,5,a-cppm-i2,2022-23,Gr New Bedford Vocational Technical,08250605,     561,     564,     520,     450,       0,"   2,095", 100.0,"   2,095"
3.5056179775280896,3.51,a-cppm-i2,2022-23,Haverhill High,01280505,     109,      74,     145,     127,       0,     455,  23.4,"   1,944"
0.0898876404494382,1,a-cppm-i2,2022-23,High School Learning Center,01490536, , , , , ,       2,   0.6,     310
2.471910112359551,2.47,a-cppm-i2,2022-23,High School Of Commerce,02810510,      32,      25,      62,      63,       0,     182,  16.5,"   1,103"
5.378277153558052,5,a-cppm-i2,2022-23,Holyoke High,01370505,     109,     131,     150,     154,       0,     544,  35.9,"   1,515"
1.5280898876404494,1.53,a-cppm-i2,2022-23,Hopedale Jr Sr High,01380505,       0,      10,       7,      11,       0,      28,  10.2,     275
2.50187265917603,2.5,a-cppm-i2,2022-23,Hopkins Academy,01170505,       3,       4,       6,      13,       0,      26,  16.7,     156
14.906367041198502,5,a-cppm-i2,2022-23,Joseph P Keefe Technical High School,08290605,     234,     213,     210,     181,       0,     838,  99.5,     842
3.6853932584269664,3.69,a-cppm-i2,2022-23,Lawrence High School,01490515,       0,     247,     283,     230,       0,     760,  24.6,"   3,084"
0.05992509363295881,1,a-cppm-i2,2022-23,Lenox Memorial High,01520505, , , , , ,       1,   0.4,     248
0.299625468164794,1,a-cppm-i2,2022-23,Leominster Center for Excellence,01530515, , , , , ,       1,   2.0,      50
1.5430711610486894,1.54,a-cppm-i2,2022-23,Leominster High School,01530505,       2,       4,      23,      77,       0,     106,  10.3,"   1,034"
0.299625468164794,1,a-cppm-i2,2022-23,Longmeadow High,01590505,       4,       6,       4,       4,       0,      18,   2.0,     904
6.696629213483146,5,a-cppm-i2,2022-23,Lowell High,01600505,      22,     371,     523,     499,       0,"   1,415",  44.7,"   3,167"
1.6928838951310863,1.69,a-cppm-i2,2022-23,Ludlow Senior High,01610505,      36,      24,      14,      16,       0,      90,  11.3,     795
1.6928838951310863,1.69,a-cppm-i2,2022-23,Lynn English High,01630510,      45,      61,      88,      51,       0,     245,  11.3,"   2,176"
14.277153558052435,5,a-cppm-i2,2022-23,Lynn Vocational Technical Institute,01630605,     289,     289,     273,     256,       0,"   1,107",  95.3,"   1,161"
14.112359550561798,5,a-cppm-i2,2022-23,Madison Park Technical Vocational High School,00350537,     284,     267,     241,     223,       9,"   1,024",  94.2,"   1,087"
0.149812734082397,1,a-cppm-i2,2022-23,Marblehead High,01680505,       0,       0,       7,       2,       0,       9,   1.0,     879
2.2771535580524342,2.28,a-cppm-i2,2022-23,Marlborough High,01700505,       0,       0,      57,     105,       0,     162,  15.2,"   1,064"
4.074906367041199,4.07,a-cppm-i2,2022-23,Marshfield High,01710505,       0,     115,      90,     119,       0,     324,  27.2,"   1,190"
6.681647940074907,5,a-cppm-i2,2022-23,Martha's Vineyard Regional High,07000505,     183,      72,      43,      40,       0,     338,  44.6,     757
8.629213483146067,5,a-cppm-i2,2022-23,Mashpee Middle-High School,01720505,      60,      71,      51,      58,       0,     240,  57.6,     417
2.9812734082397,2.98,a-cppm-i2,2022-23,Maynard High,01740505,      14,      23,      11,      15,       0,      63,  19.9,     316
8.074906367041198,5,a-cppm-i2,2022-23,Medford High,01760505,     269,     158,     126,     124,       1,     678,  53.9,"   1,257"
2.0224719101123596,2.02,a-cppm-i2,2022-23,Medway High,01770505,      26,      19,      14,      24,       0,      83,  13.5,     613
5.7677902621722845,5,a-cppm-i2,2022-23,Methuen High,01810505,     201,     183,     144,     209,       0,     737,  38.5,"   1,916"
9.917602996254683,5,a-cppm-i2,2022-23,Milford High,01850505,     260,     205,     192,     220,       0,     877,  66.2,"   1,324"
0.5393258426966292,1,a-cppm-i2,2022-23,Minnechaug Regional High,06800505,       1,      15,      12,       7,       0,      35,   3.6,     984
14.966292134831463,5,a-cppm-i2,2022-23,Minuteman Regional High,08300605,     184,     190,     168,     148,       0,     690,  99.9,     691
14.981273408239701,5,a-cppm-i2,2022-23,Montachusett Regional Vocational Technical,08320605,     369,     368,     350,     322,       0,"   1,409", 100.0,"   1,409"
6.606741573033708,5,a-cppm-i2,2022-23,Monument Mt Regional High,06180505,      20,      82,      53,      53,       0,     208,  44.1,     472
14.981273408239701,5,a-cppm-i2,2022-23,Mt Everett Regional,07650505,      40,      48,      27,      48,       0,     163, 100.0,     163
1.707865168539326,1.71,a-cppm-i2,2022-23,Nantucket High,01970505,      10,      19,       6,      32,       0,      67,  11.4,     586
0.7490636704119851,1,a-cppm-i2,2022-23,Narragansett Regional High,07200505,       0,       0,       7,      10,       0,      17,   5.0,     340
14.981273408239701,5,a-cppm-i2,2022-23,Nashoba Valley Technical High School,08520605,     218,     199,     170,     163,       0,     750, 100.0,     750
2.2921348314606744,2.29,a-cppm-i2,2022-23,New Bedford High,02010505,      12,      37,     143,     252,       0,     444,  15.3,"   2,898"
14.367041198501873,5,a-cppm-i2,2022-23,New Heights Charter School of Brockton,35130305,     105,     118,      93,      84,       0,     400,  95.9,     417
0.8089887640449439,1,a-cppm-i2,2022-23,New Liberty Innovation School,02580510, , , , , ,       3,   5.4,      56
2.397003745318352,2.4,a-cppm-i2,2022-23,New Mission High School,00350542,       0,      13,      34,      30,       0,      77,  16.0,     482
4.0,4.0,a-cppm-i2,2022-23,Newton North High,02070505,     178,     205,     109,      69,       0,     561,  26.7,"   2,099"
0.014981273408239702,1,a-cppm-i2,2022-23,Newton South High,02070510, , , , , ,       2,   0.1,"   1,837"
14.981273408239701,5,a-cppm-i2,2022-23,Norfolk County Agricultural,09150705,     155,     154,     137,     134,       0,     580, 100.0,     580
0.029962546816479405,1,a-cppm-i2,2022-23,North Attleboro High,02120505, , , , , ,       2,   0.2,"   1,107"
4.868913857677903,4.87,a-cppm-i2,2022-23,North High,03480515,      38,      80,     157,     172,       0,     447,  32.5,"   1,377"
4.389513108614232,4.39,a-cppm-i2,2022-23,North Quincy High,02430510,      25,     118,     170,     120,       0,     433,  29.3,"   1,476"
0.9737827715355806,1,a-cppm-i2,2022-23,Northampton High,02100505,       5,      20,      18,      16,       0,      59,   6.5,     903
0.8239700374531835,1,a-cppm-i2,2022-23,Northbridge High,02140505,       4,       3,       8,      13,       0,      28,   5.5,     513
14.981273408239701,5,a-cppm-i2,2022-23,Northeast Metro Regional Vocational,08530605,     349,     348,     313,     282,       0,"   1,292", 100.0,"   1,292"
0.7490636704119851,1,a-cppm-i2,2022-23,Norton High,02180505,       3,       5,       5,      21,       0,      34,   5.0,     678
1.153558052434457,1.15,a-cppm-i2,2022-23,Norwood High,02200505,      13,      17,      19,      23,       0,      72,   7.7,     941
1.902621722846442,1.9,a-cppm-i2,2022-23,O'Bryant School of Math & Science,00350575,      26,      35,      54,      44,       0,     159,  12.7,"   1,256"
14.981273408239701,5,a-cppm-i2,2022-23,Old Colony Regional Vocational Technical,08550605,     139,     142,     140,     140,       0,     561, 100.0,     561
1.198501872659176,1.2,a-cppm-i2,2022-23,Old Rochester Regional High,07400505,      31,      11,       8,       0,       0,      50,   8.0,     627
14.906367041198502,5,a-cppm-i2,2022-23,Pathfinder Vocational Technical,08600605,     184,     166,     159,     128,       0,     637,  99.5,     640
4.134831460674158,4.13,a-cppm-i2,2022-23,Peabody Veterans Memorial High,02290510,     147,     115,      78,      68,       0,     408,  27.6,"   1,476"
0.23970037453183524,1,a-cppm-i2,2022-23,"Phoenix Academy Public Charter High School, Lawrence",35180505, , , , , ,       2,   1.6,     125
4.958801498127341,4.96,a-cppm-i2,2022-23,Plymouth North High,02390505,     113,     112,     108,      98,       0,     431,  33.1,"   1,301"
7.775280898876405,5,a-cppm-i2,2022-23,Plymouth South High,02390515,     160,     142,     124,     108,       0,     534,  51.9,"   1,028"
9.393258426966293,5,a-cppm-i2,2022-23,Quaboag Regional High,07780505,      89,      79,      30,      24,       0,     222,  62.7,     354
11.340823970037453,5,a-cppm-i2,2022-23,Quincy High,02430505,     359,     333,     225,     215,       0,"   1,132",  75.7,"   1,495"
14.966292134831463,5,a-cppm-i2,2022-23,Roger L. Putnam Vocational Technical Academy,02810620,     371,     357,     330,     301,       0,"   1,359",  99.9,"   1,360"
10.831460674157304,5,a-cppm-i2,2022-23,Salem High,02580505,     167,     168,     152,     155,       0,     642,  72.3,     888
14.981273408239701,5,a-cppm-i2,2022-23,Shawsheen Valley Vocational Technical High School,08710605,     331,     339,     337,     285,       0,"   1,292", 100.0,"   1,292"
0.9138576779026217,1,a-cppm-i2,2022-23,Shepherd Hill Regional High,06580505,       0,      10,      16,      30,       0,      56,   6.1,     923
5.168539325842697,5,a-cppm-i2,2022-23,Silver Lake Regional High,07600505,     100,      91,      90,      80,       0,     361,  34.5,"   1,046"
2.3820224719101124,2.38,a-cppm-i2,2022-23,Sizer School: A North Central Charter Essential School,04740505,       0,       0,      21,      12,       0,      33,  15.9,     207
14.981273408239701,5,a-cppm-i2,2022-23,Smith Vocational and Agricultural High,04060705,     151,     150,     135,     130,       0,     566, 100.0,     566
1.8426966292134832,1.84,a-cppm-i2,2022-23,Somerset Berkley Regional High School,07630505,       9,      24,      32,      58,       0,     123,  12.3,"   1,003"
8.119850187265918,5,a-cppm-i2,2022-23,Somerville High,02740505,     259,     203,     139,     106,       3,     710,  54.2,"   1,310"
3.3857677902621726,3.39,a-cppm-i2,2022-23,South Hadley High,02780505,      27,      32,      30,      24,       0,     113,  22.6,     500
3.9850187265917607,3.99,a-cppm-i2,2022-23,South High Community,03480520,     102,     120,     111,     110,       0,     443,  26.6,"   1,666"
14.981273408239701,5,a-cppm-i2,2022-23,South Shore Vocational Technical High,08730605,     165,     170,     161,     157,       0,     653, 100.0,     653
14.981273408239701,5,a-cppm-i2,2022-23,Southeastern Regional Vocational Technical,08720605,     403,     399,     384,     372,       0,"   1,558", 100.0,"   1,558"
1.902621722846442,1.9,a-cppm-i2,2022-23,Southwick Regional School,07660505,      19,       8,      13,      10,       0,      50,  12.7,     394
0.9737827715355806,1,a-cppm-i2,2022-23,Springfield High School of Science and Technology,02810530,       0,       0,      36,      35,       0,      71,   6.5,"   1,087"
0.8838951310861424,1,a-cppm-i2,2022-23,Swampscott High,02910505,      11,      14,      11,       2,       0,      38,   5.9,     641
8.98876404494382,5,a-cppm-i2,2022-23,Taconic High,02360510,     181,     138,     117,      80,       0,     516,  60.0,     860
11.715355805243446,5,a-cppm-i2,2022-23,Tantasqua Regional Vocational,07700605,      36,     147,     123,     104,       0,     410,  78.2,     524
9.07865168539326,5,a-cppm-i2,2022-23,Taunton High,02930505,     450,     248,     300,     273,       0,"   1,271",  60.6,"   2,096"
1.6179775280898878,1.62,a-cppm-i2,2022-23,TechBoston Academy,00350657,       0,      19,      23,      23,       0,      65,  10.8,     604
0.299625468164794,1,a-cppm-i2,2022-23,Tewksbury Memorial High,02950505,       0,       5,       7,       3,       0,      15,   2.0,     752
14.981273408239701,5,a-cppm-i2,2022-23,Tri-County Regional Vocational Technical,08780605,     273,     236,     233,     215,       0,     957, 100.0,     957
9.108614232209737,5,a-cppm-i2,2022-23,Trinity Day Academy,02010510,       6,      11,       7,       7,       0,      31,  60.8,      51
0.31460674157303375,1,a-cppm-i2,2022-23,Turners Fall High,06740505, , , , , ,       4,   2.1,     194
5.303370786516854,5,a-cppm-i2,2022-23,University Pk Campus School,03480285,       0,      11,       8,      33,       0,      52,  35.4,     147
14.981273408239701,5,a-cppm-i2,2022-23,Upper Cape Cod Vocational Technical,08790605,     229,     201,     183,     156,       0,     769, 100.0,     769
7.116104868913858,5,a-cppm-i2,2022-23,Uxbridge High,03040505,      65,      58,      61,      21,       0,     205,  47.5,     432
1.8277153558052435,1.83,a-cppm-i2,2022-23,Wahconah Regional High,06350505,      16,      20,      15,       8,       0,      59,  12.2,     485
5.063670411985019,5,a-cppm-i2,2022-23,Waltham Sr High,03080505,     218,     180,     115,      79,       0,     592,  33.8,"   1,751"
0.4943820224719101,1,a-cppm-i2,2022-23,Ware Junior/Senior High School,03090505,       1,       5,       1,       3,       0,      10,   3.3,     306
5.303370786516854,5,a-cppm-i2,2022-23,Wareham Senior High,03100505,      39,      36,      35,      38,       0,     148,  35.4,     418
3.9850187265917607,3.99,a-cppm-i2,2022-23,Watertown High,03140505,       3,      30,      44,     117,       1,     195,  26.6,     733
5.498127340823971,5,a-cppm-i2,2022-23,West Springfield High,03320505,     129,     137,      79,      90,       0,     435,  36.7,"   1,186"
1.6928838951310863,1.69,a-cppm-i2,2022-23,Westfield High,03250505,       0,      18,      58,      40,       0,     116,  11.3,"   1,027"
8.059925093632959,5,a-cppm-i2,2022-23,Westfield Technical Academy,03250605,      21,      24,     121,     126,       0,     292,  53.8,     543
3.835205992509364,3.84,a-cppm-i2,2022-23,Weymouth High School,03360505,     155,     116,      95,      96,       0,     462,  25.6,"   1,807"
14.981273408239701,5,a-cppm-i2,2022-23,Whittier Regional Vocational,08850605,     309,     325,     321,     322,       0,"   1,277", 100.0,"   1,277"
1.0337078651685394,1.03,a-cppm-i2,2022-23,Woburn High,03470505,       0,      48,      31,       2,       0,      81,   6.9,"   1,178"
14.51685393258427,5,a-cppm-i2,2022-23,Worcester Technical High,03480605,     371,     375,     330,     347,       0,"   1,423",  96.9,"   1,469"
1.707865168539326,1.71,a-cppm-i2,2021-22,Agawam High,00050505,      32,      32,      36,      16,       0,     116,  11.4,"   1,017"
7.595505617977529,5,a-cppm-i2,2021-22,Amherst Regional High,06050505,     103,     102,     131,      99,       0,     435,  50.7,     858
14.981273408239701,5,a-cppm-i2,2021-22,Assabet Valley Vocational High School,08010605,     300,     292,     275,     272,       0,"   1,139", 100.0,"   1,139"
10.861423220973784,5,a-cppm-i2,2021-22,Atlantis Charter School,04910550,       0,      58,      86,      75,       0,     219,  72.5,     302
10.936329588014981,5,a-cppm-i2,2021-22,Attleboro High,00160505,     462,     314,     280,     236,       0,"   1,292",  73.0,"   1,769"
8.359550561797752,5,a-cppm-i2,2021-22,B M C Durfee High,00950505,     346,     479,     257,     227,       0,"   1,309",  55.8,"   2,347"
3.2359550561797756,3.24,a-cppm-i2,2021-22,Barnstable High,00200505,      42,      71,     102,      83,       2,     300,  21.6,"   1,390"
2.3820224719101124,2.38,a-cppm-i2,2021-22,Bartlett High School,03160505,      13,       4,      11,      36,       0,      64,  15.9,     403
14.981273408239701,5,a-cppm-i2,2021-22,Bay Path Regional Vocational Technical High School,08760605,     321,     298,     275,     279,       0,"   1,173", 100.0,"   1,173"
3.0411985018726595,3.04,a-cppm-i2,2021-22,Beverly High,00300505,       0,      20,     113,     131,       0,     264,  20.3,"   1,299"
14.981273408239701,5,a-cppm-i2,2021-22,Blackstone Valley,08050605,     320,     314,     301,     299,       0,"   1,234", 100.0,"   1,234"
14.981273408239701,5,a-cppm-i2,2021-22,Blue Hills Regional Vocational Technical,08060605,     246,     240,     220,     211,       0,     917, 100.0,     917
5.108614232209738,5,a-cppm-i2,2021-22,Boston Arts Academy,00350546,      44,      46,      44,      33,       0,     167,  34.1,     490
3.6254681647940075,3.63,a-cppm-i2,2021-22,Boston Green Academy Horace Mann Charter School,04110305,      26,      20,      19,      14,       0,      79,  24.2,     326
1.2434456928838953,1.24,a-cppm-i2,2021-22,Boston International High School & Newcomers Academy,00350507,       0,       0,      18,      17,       0,      35,   8.3,     421
14.981273408239701,5,a-cppm-i2,2021-22,Bristol County Agricultural High,09100705,     171,     118,     108,     102,       0,     499, 100.0,     499
14.981273408239701,5,a-cppm-i2,2021-22,Bristol-Plymouth Vocational Technical,08100605,     337,     345,     331,     319,       0,"   1,332", 100.0,"   1,332"
3.0711610486891385,3.07,a-cppm-i2,2021-22,Brockton High,00440505,     268,     167,     198,     176,       1,     810,  20.5,"   3,943"
0.6741573033707865,1,a-cppm-i2,2021-22,Brockton Virtual Learning Academy,00440705,       0,       1,       2,       3,       0,       6,   4.5,     134
3.565543071161049,3.57,a-cppm-i2,2021-22,Brookline High,00460505,       0,      72,     180,     231,      13,     496,  23.8,"   2,087"
1.857677902621723,1.86,a-cppm-i2,2021-22,Burke High School,00350525,       0,       0,      16,      25,       0,      41,  12.4,     330
2.9213483146067416,2.92,a-cppm-i2,2021-22,Burlington High,00480505,      39,      36,      55,      47,       0,     177,  19.5,     907
2.8464419475655434,2.85,a-cppm-i2,2021-22,Burncoat Senior High,03480503,      23,      59,      66,      76,       0,     224,  19.0,"   1,176"
7.071161048689139,5,a-cppm-i2,2021-22,Cambridge Rindge and Latin,00490506,     250,     195,     210,     227,       0,     882,  47.2,"   1,867"
14.981273408239701,5,a-cppm-i2,2021-22,Cape Cod Region Vocational Technical,08150605,     178,     173,     166,     137,       0,     654, 100.0,     654
0.5393258426966292,1,a-cppm-i2,2021-22,Carver Middle/High School,00520405,       6,       4,       2,       1,       0,      13,   3.6,     366
14.142322097378278,5,a-cppm-i2,2021-22,Center For Technical Education Innovation,01530605,     273,     160,     143,     130,       1,     707,  94.4,     749
14.981273408239701,5,a-cppm-i2,2021-22,Charles McCann Vocational Technical,08510605,     157,     129,     129,     108,       0,     523, 100.0,     523
2.1423220973782775,2.14,a-cppm-i2,2021-22,Charlestown High School,00350515,       0,      40,      30,      32,       0,     102,  14.3,     711
1.1835205992509363,1.18,a-cppm-i2,2021-22,Chelsea High,00570505,       8,      17,      16,      77,       0,     118,   7.9,"   1,498"
7.775280898876405,5,a-cppm-i2,2021-22,Chicopee Comprehensive High School,00610510,     195,     153,     153,      98,       0,     599,  51.9,"   1,154"
1.2134831460674158,1.21,a-cppm-i2,2021-22,Chicopee High,00610505,      21,      23,      15,      16,       0,      75,   8.1,     925
1.4382022471910112,1.44,a-cppm-i2,2021-22,Claremont Academy,03480350,       2,       4,       8,      19,       0,      33,   9.6,     344
1.6329588014981273,1.63,a-cppm-i2,2021-22,Classical High,01630505,      29,      44,      72,      54,       0,     199,  10.9,"   1,823"
1.153558052434457,1.15,a-cppm-i2,2021-22,Clinton Senior High,00640505,       0,      10,      12,      16,       0,      38,   7.7,     495
2.1423220973782775,2.14,a-cppm-i2,2021-22,Conservatory of the Arts,02810475,       0,      25,       0,       0,       0,      25,  14.3,     175
4.344569288389513,4.34,a-cppm-i2,2021-22,Danvers High,00710505,       0,      83,     151,       0,       0,     234,  29.0,     807
5.153558052434457,5,a-cppm-i2,2021-22,David Prouty High,07670505,       1,      52,      54,      11,       0,     118,  34.4,     343
10.42696629213483,5,a-cppm-i2,2021-22,Dearborn 6-12 STEM Academy,00350074,       0,      82,      71,      83,       0,     236,  69.6,     339
5.588014981273408,5,a-cppm-i2,2021-22,Dighton-Rehoboth Regional High School,06500505,      85,      64,      50,      61,       0,     260,  37.3,     697
14.981273408239701,5,a-cppm-i2,2021-22,Diman Regional Vocational Technical High,08210605,     373,     358,     343,     346,       1,"   1,421", 100.0,"   1,421"
5.558052434456929,5,a-cppm-i2,2021-22,Doherty Memorial High,03480512,      95,     117,     113,     169,       0,     494,  37.1,"   1,331"
5.333333333333334,5,a-cppm-i2,2021-22,East Boston High School,00350530,       0,       0,     169,     188,       0,     357,  35.6,"   1,004"
0.5093632958801498,1,a-cppm-i2,2021-22,East Longmeadow High,00870505,       0,      10,       9,       9,       0,      28,   3.4,     816
8.823970037453183,5,a-cppm-i2,2021-22,Easthampton High,00860505,      52,      59,      60,      65,       0,     236,  58.9,     401
0.5093632958801498,1,a-cppm-i2,2021-22,Edison Academy,00440520,       0,       0,       0,       7,       0,       7,   3.4,     203
10.247191011235957,5,a-cppm-i2,2021-22,Edward M. Kennedy Academy for Health Careers (Horace Mann Charter School),04520505,     107,     103,      30,      30,       0,     270,  68.4,     395
9.333333333333334,5,a-cppm-i2,2021-22,English High School,00350535,     103,      70,      75,      78,       1,     327,  62.3,     525
14.981273408239701,5,a-cppm-i2,2021-22,Essex North Shore Agricultural and Technical School,08170505,     449,     420,     410,     375,       0,"   1,654", 100.0,"   1,654"
10.576779026217228,5,a-cppm-i2,2021-22,Everett High,00930505,     552,     514,     160,     250,       0,"   1,476",  70.6,"   2,091"
0.8838951310861424,1,a-cppm-i2,2021-22,Excel High School,00350522,      26,       0,       0,       0,       0,      26,   5.9,     439
7.685393258426966,5,a-cppm-i2,2021-22,Falmouth High,00960505,     115,     110,     117,      71,       0,     413,  51.3,     805
0.6591760299625469,1,a-cppm-i2,2021-22,Fecteau-Leary Junior/Senior High School,01630525, , , , , ,       3,   4.4,      68
6.48689138576779,5,a-cppm-i2,2021-22,Fitchburg High,00970505,      72,     149,     220,     107,       0,     548,  43.3,"   1,267"
2.9962546816479403,3.0,a-cppm-i2,2021-22,Framingham High School,01000515,       1,      54,     202,     228,       0,     485,  20.0,"   2,422"
14.981273408239701,5,a-cppm-i2,2021-22,Franklin County Technical,08180605,     167,     160,     135,     121,       0,     583, 100.0,     583
1.9775280898876404,1.98,a-cppm-i2,2021-22,Gardner High,01030505,       0,       0,      43,      31,       0,      74,  13.2,     559
2.9213483146067416,2.92,a-cppm-i2,2021-22,Gateway Regional High,06720505,      11,       9,       7,       7,       0,      34,  19.5,     174
2.471910112359551,2.47,a-cppm-i2,2021-22,Gloucester High,01070505,      29,      46,      28,      34,       0,     137,  16.5,     830
0.7640449438202247,1,a-cppm-i2,2021-22,Goodrich Academy,00970510,       0,       0,       3,       5,       0,       8,   5.1,     158
14.981273408239701,5,a-cppm-i2,2021-22,Gr Lawrence Regional Vocational Technical,08230605,     428,     422,     413,     392,       0,"   1,655", 100.0,"   1,655"
14.981273408239701,5,a-cppm-i2,2021-22,Gr Lowell Regional Vocational Technical,08280605,     596,     594,     565,     527,      18,"   2,300", 100.0,"   2,300"
14.981273408239701,5,a-cppm-i2,2021-22,Gr New Bedford Vocational Technical,08250605,     564,     561,     495,     490,       0,"   2,110", 100.0,"   2,110"
2.411985018726592,2.41,a-cppm-i2,2021-22,Haverhill High,01280505,      60,      35,     112,     103,       0,     310,  16.1,"   1,931"
0.6591760299625469,1,a-cppm-i2,2021-22,High School Of Commerce,02810510,       0,       0,       5,      52,       0,      57,   4.4,"   1,282"
5.588014981273408,5,a-cppm-i2,2021-22,Holyoke High,01370505,      97,     131,     161,     173,       0,     562,  37.3,"   1,508"
1.917602996254682,1.92,a-cppm-i2,2021-22,Hopkins Academy,01170505,       2,       2,      12,       5,       0,      21,  12.8,     164
14.816479400749065,5,a-cppm-i2,2021-22,Joseph P Keefe Technical High School,08290605,     232,     222,     192,     195,       0,     841,  98.9,     850
1.5430711610486894,1.54,a-cppm-i2,2021-22,Lawrence High School,01490515,       0,       0,     140,     178,       0,     318,  10.3,"   3,097"
0.3895131086142322,1,a-cppm-i2,2021-22,Leblanc Therapeutic Day School,01600320, , , , , ,       1,   2.6,      39
1.00374531835206,1.0,a-cppm-i2,2021-22,Leominster High School,01530505,       0,       0,      17,      54,       1,      72,   6.7,"   1,082"
0.2696629213483146,1,a-cppm-i2,2021-22,Longmeadow High,01590505,       2,       5,       5,       4,       0,      16,   1.8,     911
2.1273408239700373,2.13,a-cppm-i2,2021-22,Lowell High,01600505,       2,      31,     110,     291,       1,     435,  14.2,"   3,056"
1.1086142322097379,1.11,a-cppm-i2,2021-22,Ludlow Senior High,01610505,       3,      18,      20,      20,       0,      61,   7.4,     827
1.2734082397003745,1.27,a-cppm-i2,2021-22,Lynn English High,01630510,      17,      53,      72,      41,       0,     183,   8.5,"   2,165"
14.232209737827716,5,a-cppm-i2,2021-22,Lynn Vocational Technical Institute,01630605,     277,     280,     265,     258,       0,"   1,080",  95.0,"   1,137"
14.112359550561798,5,a-cppm-i2,2021-22,Madison Park Technical Vocational High School,00350537,     305,     286,     286,     206,      10,"   1,093",  94.2,"   1,160"
0.05992509363295881,1,a-cppm-i2,2021-22,Marblehead High,01680505, , , , , ,       4,   0.4,     931
1.7378277153558053,1.74,a-cppm-i2,2021-22,Marlborough High,01700505,       0,       0,      61,      58,       0,     119,  11.6,"   1,022"
3.2209737827715355,3.22,a-cppm-i2,2021-22,Marshfield High,01710505,       1,      77,     109,      81,       0,     268,  21.5,"   1,245"
2.8913857677902626,2.89,a-cppm-i2,2021-22,Martha's Vineyard Regional High,07000505,       5,      61,      39,      31,       0,     136,  19.3,     706
9.707865168539326,5,a-cppm-i2,2021-22,Mashpee High,01720505,      71,      59,      82,      73,       0,     285,  64.8,     440
2.1123595505617976,2.11,a-cppm-i2,2021-22,Maynard High,01740505,      13,       7,      10,      14,       0,      44,  14.1,     311
7.490636704119851,5,a-cppm-i2,2021-22,Medford High,01760505,     188,     153,     150,     113,       0,     604,  50.0,"   1,207"
6.367041198501873,5,a-cppm-i2,2021-22,Methuen High,01810505,     217,     169,     169,     248,       0,     803,  42.5,"   1,891"
2.8913857677902626,2.89,a-cppm-i2,2021-22,Middleborough High,01820505,       2,      65,      65,      39,       0,     171,  19.3,     884
13.243445692883896,5,a-cppm-i2,2021-22,Milford High,01850505,     290,     267,     289,     284,       0,"   1,130",  88.4,"   1,278"
0.449438202247191,1,a-cppm-i2,2021-22,Minnechaug Regional High,06800505,       1,      15,       8,       7,       0,      31,   3.0,"   1,017"
14.981273408239701,5,a-cppm-i2,2021-22,Minuteman Regional High,08300605,     199,     175,     158,     123,       0,     655, 100.0,     655
14.981273408239701,5,a-cppm-i2,2021-22,Montachusett Regional Vocational Technical,08320605,     371,     368,     335,     339,       0,"   1,413", 100.0,"   1,413"
5.438202247191011,5,a-cppm-i2,2021-22,Monument Mt Regional High,06180505,      32,      62,      48,      44,       0,     186,  36.3,     512
4.404494382022472,4.4,a-cppm-i2,2021-22,Mt Everett Regional,07650505,       4,       6,      17,      26,       0,      53,  29.4,     180
1.1086142322097379,1.11,a-cppm-i2,2021-22,Nantucket High,01970505,       0,       2,      24,      15,       0,      41,   7.4,     554
14.981273408239701,5,a-cppm-i2,2021-22,Nashoba Valley Technical High School,08520605,     203,     188,     168,     177,       0,     736, 100.0,     736
1.8277153558052435,1.83,a-cppm-i2,2021-22,New Bedford High,02010505,      18,      46,     152,     138,       0,     354,  12.2,"   2,890"
14.981273408239701,5,a-cppm-i2,2021-22,New Heights Charter School of Brockton,35130305,     122,      89,      83,     122,       0,     416, 100.0,     416
1.9475655430711611,1.95,a-cppm-i2,2021-22,New Liberty Innovation School,02580510,       0,       2,       3,       2,       0,       7,  13.0,      54
1.198501872659176,1.2,a-cppm-i2,2021-22,New Mission High School,00350542,       0,       0,      22,      13,       0,      35,   8.0,     438
4.074906367041199,4.07,a-cppm-i2,2021-22,Newton North High,02070505,     177,     221,      98,      75,       0,     571,  27.2,"   2,098"
0.014981273408239702,1,a-cppm-i2,2021-22,Newton South High,02070510, , , , , ,       2,   0.1,"   1,837"
14.981273408239701,5,a-cppm-i2,2021-22,Norfolk County Agricultural,09150705,     154,     148,     143,     143,       0,     588, 100.0,     588
4.913857677902621,4.91,a-cppm-i2,2021-22,North High,03480515,      41,      87,     132,     169,       0,     429,  32.8,"   1,308"
5.468164794007491,5,a-cppm-i2,2021-22,North Quincy High,02430510,      74,     183,     127,     130,       0,     514,  36.5,"   1,408"
0.7790262172284644,1,a-cppm-i2,2021-22,Northampton High,02100505,       4,      15,      17,      11,       0,      47,   5.2,     908
0.8239700374531835,1,a-cppm-i2,2021-22,Northbridge High,02140505,       4,       7,      17,       0,       0,      28,   5.5,     513
14.981273408239701,5,a-cppm-i2,2021-22,Northeast Metro Regional Vocational,08530605,     339,     344,     305,     319,       0,"   1,307", 100.0,"   1,307"
1.153558052434457,1.15,a-cppm-i2,2021-22,Norton High,02180505,       2,       4,      20,      26,       0,      52,   7.7,     677
0.9288389513108615,1,a-cppm-i2,2021-22,Norwood High,02200505,      18,      19,      24,       0,       0,      61,   6.2,     987
1.917602996254682,1.92,a-cppm-i2,2021-22,O'Bryant School of Math & Science,00350575,      37,      53,      46,      24,       0,     160,  12.8,"   1,253"
14.981273408239701,5,a-cppm-i2,2021-22,Old Colony Regional Vocational Technical,08550605,     142,     148,     145,     128,       0,     563, 100.0,     563
0.599250936329588,1,a-cppm-i2,2021-22,Old Rochester Regional High,07400505,      16,      11,       0,       0,       0,      27,   4.0,     677
14.936329588014981,5,a-cppm-i2,2021-22,Pathfinder Vocational Technical,08600605,     171,     176,     145,     135,       0,     627,  99.7,     629
2.307116104868914,2.31,a-cppm-i2,2021-22,Peabody Personalized Remote Education Program (Peabody P.R.E.P.),02290705,       0,       2,       4,       2,       0,       8,  15.4,      52
4.194756554307117,4.19,a-cppm-i2,2021-22,Peabody Veterans Memorial High,02290510,     136,     121,      86,      65,       0,     408,  28.0,"   1,455"
0.4344569288389513,1,a-cppm-i2,2021-22,Phoenix Academy Public Charter High School Lawrence,35180505, , , , , ,       4,   2.9,     138
5.093632958801498,5,a-cppm-i2,2021-22,Plymouth North High,02390505,     124,     116,     102,     103,       0,     445,  34.0,"   1,310"
8.479400749063672,5,a-cppm-i2,2021-22,Plymouth South High,02390515,     158,     158,     137,     141,       0,     594,  56.6,"   1,049"
0.11985018726591762,1,a-cppm-i2,2021-22,Quabbin Regional High School,07530505, , , , , ,       5,   0.8,     619
4.134831460674158,4.13,a-cppm-i2,2021-22,Quaboag Regional High,07780505,      17,      21,      29,      27,       0,      94,  27.6,     341
11.460674157303371,5,a-cppm-i2,2021-22,Quincy High,02430505,     353,     277,     276,     215,       0,"   1,121",  76.5,"   1,465"
0.3445692883895131,1,a-cppm-i2,2021-22,Resiliency Preparatory Academy,00950525, , , , , ,       2,   2.3,      87
14.876404494382022,5,a-cppm-i2,2021-22,Roger L. Putnam Vocational Technical Academy,02810620,     368,     350,     326,     330,       0,"   1,374",  99.3,"   1,384"
9.07865168539326,5,a-cppm-i2,2021-22,Salem High,02580505,      84,     138,     144,     121,       0,     487,  60.6,     803
0.9438202247191011,1,a-cppm-i2,2021-22,Salem Prep High School,02580515, , , , , ,       1,   6.3,      16
14.981273408239701,5,a-cppm-i2,2021-22,Shawsheen Valley Vocational Technical High School,08710605,     357,     344,     296,     320,       0,"   1,317", 100.0,"   1,317"
0.9138576779026217,1,a-cppm-i2,2021-22,Shepherd Hill Regional High,06580505,       1,      11,      25,      20,       0,      57,   6.1,     930
4.764044943820225,4.76,a-cppm-i2,2021-22,Silver Lake Regional High,07600505,     102,      93,      81,      61,       0,     337,  31.8,"   1,059"
0.9288389513108615,1,a-cppm-i2,2021-22,Sizer School: A North Central Charter Essential School,04740505,       0,       0,      12,       1,       0,      13,   6.2,     210
14.981273408239701,5,a-cppm-i2,2021-22,Smith Vocational and Agricultural High,04060705,     149,     147,     139,     112,       0,     547, 100.0,     547
14.981273408239701,5,a-cppm-i2,2021-22,So Shore Vocational Technical High,08730605,     170,     168,     162,     155,       0,     655, 100.0,     655
1.9325842696629214,1.93,a-cppm-i2,2021-22,Somerset Berkley Regional High School,07630505,      18,      28,      27,      55,       0,     128,  12.9,     996
7.730337078651686,5,a-cppm-i2,2021-22,Somerville High,02740505,     251,     168,     121,     131,       2,     673,  51.6,"   1,304"
2.6816479400749063,2.68,a-cppm-i2,2021-22,South Hadley High,02780505,      20,      35,      28,      15,       1,      99,  17.9,     552
3.9850187265917607,3.99,a-cppm-i2,2021-22,South High Community,03480520,      76,     103,      81,     146,       0,     406,  26.6,"   1,524"
14.981273408239701,5,a-cppm-i2,2021-22,Southeastern Regional Vocational Technical,08720605,     407,     407,     389,     347,       0,"   1,550", 100.0,"   1,550"
2.157303370786517,2.16,a-cppm-i2,2021-22,Southwick Regional School,07660505,      11,      20,      11,      18,       0,      60,  14.4,     417
0.0,1,a-cppm-i2,2021-22,Springfield Central High,02810500, , , , , ,       1,   0.0,"   2,082"
0.0749063670411985,1,a-cppm-i2,2021-22,Springfield High School,02810570, , , , , ,       1,   0.5,     203
1.0486891385767791,1.05,a-cppm-i2,2021-22,Springfield High School of Science and Technology,02810530,       0,       0,      49,      28,       0,      77,   7.0,"   1,099"
0.4344569288389513,1,a-cppm-i2,2021-22,Swampscott High,02910505,       9,       3,       7,       0,       0,      19,   2.9,     653
8.104868913857679,5,a-cppm-i2,2021-22,Taconic High,02360510,     132,     139,     100,      79,       0,     450,  54.1,     832
11.880149812734082,5,a-cppm-i2,2021-22,Tantasqua Regional Vocational,07700605,      48,     135,     113,     117,       0,     413,  79.3,     521
8.749063670411985,5,a-cppm-i2,2021-22,Taunton High,02930505,     429,     250,     255,     267,       0,"   1,201",  58.4,"   2,058"
1.797752808988764,1.8,a-cppm-i2,2021-22,TechBoston Academy,00350657,       0,      25,      26,      18,       0,      69,  12.0,     574
0.1048689138576779,1,a-cppm-i2,2021-22,Tewksbury Memorial High,02950505,       0,       0,       0,       6,       0,       6,   0.7,     802
2.3220973782771535,2.32,a-cppm-i2,2021-22,The Career Academy,01600515,       0,       1,       2,      12,       0,      15,  15.5,      97
14.981273408239701,5,a-cppm-i2,2021-22,Tri-County Regional Vocational Technical,08780605,     236,     249,     222,     232,       0,     939, 100.0,     939
12.179775280898877,5,a-cppm-i2,2021-22,Trinity Day Academy,02010510,      10,       9,      10,      10,       0,      39,  81.3,      48
0.32958801498127344,1,a-cppm-i2,2021-22,Turners Fall High,06740505, , , , , ,       4,   2.2,     184
4.674157303370786,4.67,a-cppm-i2,2021-22,University Pk Campus School,03480285,       1,       5,      18,      24,       0,      48,  31.2,     154
14.981273408239701,5,a-cppm-i2,2021-22,Upper Cape Cod Vocational Technical,08790605,     215,     196,     161,     172,       0,     744, 100.0,     744
0.3445692883895131,1,a-cppm-i2,2021-22,Uxbridge High,03040505,       0,       0,       1,       9,       0,      10,   2.3,     437
1.7528089887640448,1.75,a-cppm-i2,2021-22,Wahconah Regional High,06350505,       7,      16,      14,      23,       0,      60,  11.7,     513
4.479400749063671,4.48,a-cppm-i2,2021-22,Waltham Sr High,03080505,     151,     148,     114,      79,       0,     492,  29.9,"   1,643"
5.408239700374533,5,a-cppm-i2,2021-22,Wareham Senior High,03100505,      30,      37,      38,      45,       0,     150,  36.1,     415
1.4232209737827717,1.42,a-cppm-i2,2021-22,Watertown High,03140505,       0,      20,      26,      21,       0,      67,   9.5,     705
3.805243445692884,3.81,a-cppm-i2,2021-22,West Springfield High,03320505,     113,      84,      60,      44,       0,     301,  25.4,"   1,185"
0.8089887640449439,1,a-cppm-i2,2021-22,Westfield High,03250505,       6,      15,       0,      38,       0,      59,   5.4,"   1,100"
11.161048689138577,5,a-cppm-i2,2021-22,Westfield Technical Academy,03250605,      22,     132,     132,     117,       0,     403,  74.5,     541
3.9700374531835205,3.97,a-cppm-i2,2021-22,Weymouth High School,03360505,     160,     127,     103,      90,       0,     480,  26.5,"   1,810"
0.9887640449438202,1,a-cppm-i2,2021-22,Whaling City Junior/Senior High School,02010515, , , , , ,       4,   6.6,      61
14.981273408239701,5,a-cppm-i2,2021-22,Whittier Regional Vocational,08850605,     330,     332,     329,     291,       0,"   1,282", 100.0,"   1,282"
0.5543071161048689,1,a-cppm-i2,2021-22,Woburn High,03470505,       0,      45,       0,       0,       0,      45,   3.7,"   1,225"
14.576779026217228,5,a-cppm-i2,2021-22,Worcester Technical High,03480605,     393,     339,     354,     350,       0,"   1,436",  97.3,"   1,476"
